{
    "openapi": "3.0.0",
    "info": {
        "title": "L5 OpenApi",
        "description": "L5 Swagger OpenApi description",
        "contact": {
            "email": "canilguu@gmail.com"
        },
        "license": {
            "name": "Apache 2.0",
            "url": "https://www.apache.org/licenses/LICENSE-2.0.html"
        },
        "version": "1.0.0",
        "x-logo": {
            "url": "https://via.placeholder.com/190x90.png?text=L5-Swagger"
        }
    },
    "paths": {
        "/api/v1/user/login": {
            "post": {
                "tags": [
                    "auth"
                ],
                "summary": "handle with login request.",
                "operationId": "user login",
                "requestBody": {
                    "content": {
                        "application/json": {
                            "schema": {
                                "properties": {
                                    "email": {
                                        "description": "User email.",
                                        "type": "string"
                                    },
                                    "password": {
                                        "description": "User password",
                                        "type": "string"
                                    }
                                },
                                "type": "object"
                            }
                        }
                    }
                },
                "responses": {
                    "200": {
                        "description": "{ 'success': true,'data': { 'token': '2|fAckExZYZyCKJdUubuLWdfjEDMSFSCmvcSp4k4aU', 'name': 'Can' }, 'message': 'User signed in.' }"
                    }
                }
            }
        }
    }
}